insert into taxonomy (id) values ('kind');
insert into categories (taxonomy, id, ordering, description) values ('kind', 'verse', 1, 'лирика');
insert into categories (taxonomy, id, ordering, description) values ('kind', 'drama', 2, 'драма');
insert into categories (taxonomy, id, ordering, description) values ('kind', 'prose', 3, 'проза');
insert into categories (taxonomy, id, ordering, description) values ('kind', 'letters', 7, 'письма');
insert into categories (taxonomy, id, ordering, description) values ('kind', 'memoirs', 6, 'мемуары');
insert into categories (taxonomy, id, ordering, description) values ('kind', 'publicisticwriting', 4, 'публицистика');
insert into categories (taxonomy, id, ordering, description) values ('kind', 'science', 5, 'теоретические сочинения');
       
insert into taxonomy (id) values ('genre');

insert into categories (taxonomy, id, ordering, description) values ('genre', 'anacreonticОde', 1, 'Анакреонтическая ода');
insert into categories (taxonomy, id, ordering, description) values ('genre', 'heroicОpera', 2, 'Героическая опера');
insert into categories (taxonomy, id, ordering, description) values ('genre', 'horatianOde', 3, 'Горацианская ода');
insert into categories (taxonomy, id, ordering, description) values ('genre', 'sacredOde', 4, 'Духовная ода');
insert into categories (taxonomy, id, ordering, description) values ('genre', 'conundrum', 5, 'Загадка');
insert into categories (taxonomy, id, ordering, description) values ('genre', 'idyll', 6, 'Идиллия (эклога, пастораль)');
insert into categories (taxonomy, id, ordering, description) values ('genre', 'cantata', 7, 'Кантата');
insert into categories (taxonomy, id, ordering, description) values ('genre', 'madrigal', 8, 'Мадригал');
insert into categories (taxonomy, id, ordering, description) values ('genre', 'inscription', 9, 'Надпись');
insert into categories (taxonomy, id, ordering, description) values ('genre', 'songCarol', 10, 'Песня');
insert into categories (taxonomy, id, ordering, description) values ('genre', 'rondeau', 11, 'Рондо');
insert into categories (taxonomy, id, ordering, description) values ('genre', 'satire', 12, 'Сатира');
insert into categories (taxonomy, id, ordering, description) values ('genre', 'sapphicOde', 13, 'Сафическая ода');
insert into categories (taxonomy, id, ordering, description) values ('genre', 'sonnet', 14, 'Сонет');
insert into categories (taxonomy, id, ordering, description) values ('genre', 'pindaricOde', 15, 'Торжественная и похвальная (пиндарическая) ода');
insert into categories (taxonomy, id, ordering, description) values ('genre', 'triolet', 16, 'Триолет');
insert into categories (taxonomy, id, ordering, description) values ('genre', 'elegy', 17, 'Элегия');
insert into categories (taxonomy, id, ordering, description) values ('genre', 'epigram', 18, 'Эпиграмма');
insert into categories (taxonomy, id, ordering, description) values ('genre', 'epistle', 19, 'Эпистола (послание)');
insert into categories (taxonomy, id, ordering, description) values ('genre', 'epitaph', 20, 'Эпитафия');
insert into categories (taxonomy, id, ordering, description) values ('genre', 'fable', 21, 'Басня (притча)');
insert into categories (taxonomy, id, ordering, description) values ('genre', 'burlesquePoem', 22, 'Бурлескная поэма');
insert into categories (taxonomy, id, ordering, description) values ('genre', 'ironical-comicPoem', 23, 'Герои-комическая поэма');
insert into categories (taxonomy, id, ordering, description) values ('genre', 'epic', 24, 'Героическая поэма (эпопея)');
insert into categories (taxonomy, id, ordering, description) values ('genre', 'shortStory', 25, 'Новелла');
insert into categories (taxonomy, id, ordering, description) values ('genre', 'narrative', 26, 'Повесть');
insert into categories (taxonomy, id, ordering, description) values ('genre', 'novel', 27, 'Роман');
insert into categories (taxonomy, id, ordering, description) values ('genre', 'fairyTale', 28, 'Сказка');
insert into categories (taxonomy, id, ordering, description) values ('genre', 'comedy', 29, 'Комедия');
insert into categories (taxonomy, id, ordering, description) values ('genre', 'comicOpera', 30, 'Комическая опера');
insert into categories (taxonomy, id, ordering, description) values ('genre', 'vulgarTragedy', 31, 'Мещанская трагедия');
insert into categories (taxonomy, id, ordering, description) values ('genre', 'genteelComedy', 32, 'Слезная комедия');
insert into categories (taxonomy, id, ordering, description) values ('genre', 'tragedy', 33, 'Трагедия');
insert into categories (taxonomy, id, ordering, description) values ('genre', 'treatise', 34, 'Трактат');
insert into categories (taxonomy, id, ordering, description) values ('genre', 'oration', 35, 'Речь (слово)');
insert into categories (taxonomy, id, ordering, description) values ('genre', 'article', 36, 'Статья');

insert into name_classes (name_class, description, abbreviated) values ('biblical', 'Библейские персонажи', 'библ.');
insert into name_classes (name_class, description, abbreviated) values ('character', 'Литературные персонажи', 'персонаж');
insert into name_classes (name_class, description, abbreviated) values ('mythologic', 'Мифологические персонажи', 'миф.');
insert into name_classes (name_class, description, abbreviated) values ('person', 'Исторические личности', 'ист.');
insert into name_classes (name_class, description) values ('place', 'Географические названия');
insert into name_classes (name_class, description, abbreviated) values ('biblicalPlace', 'Библейские географические названия', 'библ.');
insert into name_classes (name_class, description, abbreviated) values ('mythologicPlace', 'Мифологические географические названия', 'миф.');
insert into name_classes (name_class, description, abbreviated) values ('fictionalPlace', 'Литературные географические названия', 'лит.');

insert into annotation_kinds (annotation_kind, description) values ('addressee', 'Адресат');
insert into annotation_kinds (annotation_kind, description) values ('theme', 'Тема');
